size,prop
1,0.251862657941015
2,0.32417665045867
3,0.164302645214685
4,0.160393697806959
5,0.0636019809698404
6,0.0356623676088311
