"size","prop"
4,0.550930891886523
9,0.198431659353161
19,0.124628455857125
49,0.0821875507882334
99,0.0260008667858497
199,0.0178205753291077
