outcome,mean,q2.5,q97.5
Hospitalizations (per 100000),114.753079711784,91.0040069981376,138.968144473093
Death (per 100000),16.9307126370535,11.2873186974434,26.8059885085923
Fatality per hospitalization,0.147540983606557,NA,NA
