outcome,mean,q2.5,q97.5
Hospitalizations (per 100000),101.936799184506,66.7954289393208,127.957508450024
Death (per 100000),16.095284081764,0.804764204088203,31.3858039594399
Fatality per hospitalization,0.157894736842105,NA,NA
