outcome,mean,q2.5,q97.5
Hospitalizations (per 100000),83.1589677557809,65.1859005311444,103.412200225334
Death (per 100000),10.7301893878427,0.402382102044101,23.3381619185579
Fatality per hospitalization,0.129032258064516,NA,NA
