outcome,mean,q2.5,q97.5
Hospitalizations (per 100000),79.623597538907,58.9938472674629,100.253347810351
Death (per 100000),9.65134515623115,7.23850886717336,14.1150922909881
Fatality per hospitalization,0.121212121212121,NA,NA
