school.size,prop
50,0.0217391304347826
150,0.217391304347826
250,0.260869565217391
350,0.108695652173913
450,0.195652173913043
550,0.130434782608696
650,0
750,0.0652173913043478
850,0
950,0
