school.size,prop
25,0.0301768990634755
75,0.0541103017689906
125,0.072840790842872
175,0.110301768990635
225,0.117585848074922
275,0.110301768990635
325,0.0946930280957336
375,0.0801248699271592
425,0.081165452653486
475,0.0624349635796046
525,0.040582726326743
575,0.0437044745057232
625,0.0239334027055151
675,0.0228928199791883
725,0.0145681581685744
775,0.0218522372528616
825,0.0072840790842872
875,0.00520291363163371
925,0.00520291363163371
975,0.00104058272632674
